comparison,label,goal_1,goal_2,goal_3,goal_4,goal_5,goal_6,note,rater_id
R01-U1-314,A,,,,,,,,
R01-U1-314,B,,,,,,,,
R01-U1-42,A,,,,,,,,
R01-U1-42,B,,,,,,,,
R01-U2-314,A,,,,,,,,
R01-U2-314,B,,,,,,,,
R01-U2-42,A,,,,,,,,
R01-U2-42,B,,,,,,,,
R01-U3-314,A,,,,,,,,
R01-U3-314,B,,,,,,,,
R01-U3-42,A,,,,,,,,
R01-U3-42,B,,,,,,,,
R01-U4-314,A,,,,,,,,
R01-U4-314,B,,,,,,,,
R01-U4-42,A,,,,,,,,
R01-U4-42,B,,,,,,,,
R02-U1-314,A,,,,,,,,
R02-U1-314,B,,,,,,,,
R02-U1-42,A,,,,,,,,
R02-U1-42,B,,,,,,,,
R02-U2-314,A,,,,,,,,
R02-U2-314,B,,,,,,,,
R02-U2-42,A,,,,,,,,
R02-U2-42,B,,,,,,,,
R02-U3-314,A,,,,,,,,
R02-U3-314,B,,,,,,,,
R02-U3-42,A,,,,,,,,
R02-U3-42,B,,,,,,,,
R02-U4-314,A,,,,,,,,
R02-U4-314,B,,,,,,,,
R02-U4-42,A,,,,,,,,
R02-U4-42,B,,,,,,,,
R03-U1-314,A,,,,,,,,
R03-U1-314,B,,,,,,,,
R03-U1-42,A,,,,,,,,
R03-U1-42,B,,,,,,,,
R03-U2-314,A,,,,,,,,
R03-U2-314,B,,,,,,,,
R03-U2-42,A,,,,,,,,
R03-U2-42,B,,,,,,,,
R03-U3-314,A,,,,,,,,
R03-U3-314,B,,,,,,,,
R03-U3-42,A,,,,,,,,
R03-U3-42,B,,,,,,,,
R03-U4-314,A,,,,,,,,
R03-U4-314,B,,,,,,,,
R03-U4-42,A,,,,,,,,
R03-U4-42,B,,,,,,,,
R04-U1-314,A,,,,,,,,
R04-U1-314,B,,,,,,,,
R04-U1-42,A,,,,,,,,
R04-U1-42,B,,,,,,,,
R04-U2-314,A,,,,,,,,
R04-U2-314,B,,,,,,,,
R04-U2-42,A,,,,,,,,
R04-U2-42,B,,,,,,,,
R04-U3-314,A,,,,,,,,
R04-U3-314,B,,,,,,,,
R04-U3-42,A,,,,,,,,
R04-U3-42,B,,,,,,,,
R04-U4-314,A,,,,,,,,
R04-U4-314,B,,,,,,,,
R04-U4-42,A,,,,,,,,
R04-U4-42,B,,,,,,,,
R05-U1-314,A,,,,,,,,
R05-U1-314,B,,,,,,,,
R05-U1-42,A,,,,,,,,
R05-U1-42,B,,,,,,,,
R05-U2-314,A,,,,,,,,
R05-U2-314,B,,,,,,,,
R05-U2-42,A,,,,,,,,
R05-U2-42,B,,,,,,,,
R05-U3-314,A,,,,,,,,
R05-U3-314,B,,,,,,,,
R05-U3-42,A,,,,,,,,
R05-U3-42,B,,,,,,,,
R05-U4-314,A,,,,,,,,
R05-U4-314,B,,,,,,,,
R05-U4-42,A,,,,,,,,
R05-U4-42,B,,,,,,,,
R06-U1-314,A,,,,,,,,
R06-U1-314,B,,,,,,,,
R06-U1-42,A,,,,,,,,
R06-U1-42,B,,,,,,,,
R06-U2-314,A,,,,,,,,
R06-U2-314,B,,,,,,,,
R06-U2-42,A,,,,,,,,
R06-U2-42,B,,,,,,,,
R06-U3-314,A,,,,,,,,
R06-U3-314,B,,,,,,,,
R06-U3-42,A,,,,,,,,
R06-U3-42,B,,,,,,,,
R06-U4-314,A,,,,,,,,
R06-U4-314,B,,,,,,,,
R06-U4-42,A,,,,,,,,
R06-U4-42,B,,,,,,,,
