person,seed,regenerate_similarity,sequential_similarity,regenerate_minus_sequential,winner
P01,42,0.9203689027248623,0.6838863436317686,0.23648255909309368,regenerate
P01,314,0.9199390898580188,0.6489897544059138,0.270949335452105,regenerate
P01,2026,0.9172150607555608,0.6685828124745345,0.24863224828102626,regenerate
P02,42,0.9512304740161756,0.8088380527281529,0.14239242128802265,regenerate
P02,314,0.9495661917393347,0.8039041075926372,0.14566208414669746,regenerate
P02,2026,0.9520404371678832,0.80755015150837,0.14449028565951327,regenerate
P03,42,0.9206004533312502,0.676238385382339,0.24436206794891113,regenerate
P03,314,0.9183160897150404,0.7087703635864365,0.2095457261286039,regenerate
P03,2026,0.9183915613627305,0.7132277953632875,0.20516376599944297,regenerate
P04,42,0.8964490421808147,0.6409824365007438,0.25546660568007085,regenerate
P04,314,0.9008915474307229,0.6645309426050142,0.23636060482570864,regenerate
P04,2026,0.899116546830681,0.6495334629387166,0.24958308389196437,regenerate
P05,42,0.9045001759197144,0.7068059837343299,0.19769419218538453,regenerate
P05,314,0.9148886956735103,0.7236892814434941,0.19119941423001618,regenerate
P05,2026,0.9137911897348807,0.7291108804232035,0.18468030931167723,regenerate
P06,42,0.9300482284142344,0.7039070704493566,0.22614115796487777,regenerate
P06,314,0.9349854524538679,0.732236339073459,0.2027491133804089,regenerate
P06,2026,0.9346416675468578,0.7758703990803948,0.15877126846646306,regenerate
