id,arm,repeat,stage,mode,region,mae,ssim,highpass_mae
batch-r1-s1,batch,1,1,fixed,weighted_three_regions,0.022363706193864345,0.8337588188599567,0.012728918705354718
batch-r1-s1,batch,1,1,fixed,forehead,0.02260635793209076,0.8044515252113342,0.013647206127643585
batch-r1-s1,batch,1,1,fixed,cheek_viewer_left,0.026438599452376366,0.8850796222686768,0.01173240877687931
batch-r1-s1,batch,1,1,fixed,cheek_viewer_right,0.017067383974790573,0.8709810376167297,0.011155256070196629
batch-r1-s1,batch,1,1,1,weighted_three_regions,0.022363706193864345,0.8337588188599567,0.012728918705354718
batch-r1-s1,batch,1,1,1,forehead,0.02260635793209076,0.8044515252113342,0.013647206127643585
batch-r1-s1,batch,1,1,1,cheek_viewer_left,0.026438599452376366,0.8850796222686768,0.01173240877687931
batch-r1-s1,batch,1,1,1,cheek_viewer_right,0.017067383974790573,0.8709810376167297,0.011155256070196629
batch-r1-s1,batch,1,1,3,weighted_three_regions,0.022363706193864345,0.8337588188599567,0.012728918705354718
batch-r1-s1,batch,1,1,3,forehead,0.02260635793209076,0.8044515252113342,0.013647206127643585
batch-r1-s1,batch,1,1,3,cheek_viewer_left,0.026438599452376366,0.8850796222686768,0.01173240877687931
batch-r1-s1,batch,1,1,3,cheek_viewer_right,0.017067383974790573,0.8709810376167297,0.011155256070196629
batch-r1-s1,batch,1,1,6,weighted_three_regions,0.022363706193864345,0.8337588188599567,0.012728918705354718
batch-r1-s1,batch,1,1,6,forehead,0.02260635793209076,0.8044515252113342,0.013647206127643585
batch-r1-s1,batch,1,1,6,cheek_viewer_left,0.026438599452376366,0.8850796222686768,0.01173240877687931
batch-r1-s1,batch,1,1,6,cheek_viewer_right,0.017067383974790573,0.8709810376167297,0.011155256070196629
sequential-r1-s1,sequential,1,1,fixed,weighted_three_regions,0.022217033406829133,0.8424112891290026,0.012253133949330624
sequential-r1-s1,sequential,1,1,fixed,forehead,0.02193884551525116,0.8205136656761169,0.013058090582489967
sequential-r1-s1,sequential,1,1,fixed,cheek_viewer_left,0.022351903840899467,0.8852704167366028,0.01131220068782568
sequential-r1-s1,sequential,1,1,fixed,cheek_viewer_right,0.022881653159856796,0.8650147318840027,0.010949519462883472
sequential-r1-s1,sequential,1,1,1,weighted_three_regions,0.022217033406829133,0.8424112891290026,0.012253133949330624
sequential-r1-s1,sequential,1,1,1,forehead,0.02193884551525116,0.8205136656761169,0.013058090582489967
sequential-r1-s1,sequential,1,1,1,cheek_viewer_left,0.022351903840899467,0.8852704167366028,0.01131220068782568
sequential-r1-s1,sequential,1,1,1,cheek_viewer_right,0.022881653159856796,0.8650147318840027,0.010949519462883472
sequential-r1-s1,sequential,1,1,3,weighted_three_regions,0.022217033406829133,0.8424112891290026,0.012253133949330624
sequential-r1-s1,sequential,1,1,3,forehead,0.02193884551525116,0.8205136656761169,0.013058090582489967
sequential-r1-s1,sequential,1,1,3,cheek_viewer_left,0.022351903840899467,0.8852704167366028,0.01131220068782568
sequential-r1-s1,sequential,1,1,3,cheek_viewer_right,0.022881653159856796,0.8650147318840027,0.010949519462883472
sequential-r1-s1,sequential,1,1,6,weighted_three_regions,0.022217033406829133,0.8424112891290026,0.012253133949330624
sequential-r1-s1,sequential,1,1,6,forehead,0.02193884551525116,0.8205136656761169,0.013058090582489967
sequential-r1-s1,sequential,1,1,6,cheek_viewer_left,0.022351903840899467,0.8852704167366028,0.01131220068782568
sequential-r1-s1,sequential,1,1,6,cheek_viewer_right,0.022881653159856796,0.8650147318840027,0.010949519462883472
sequential-r1-s2,sequential,1,2,fixed,weighted_three_regions,0.028562282582416255,0.8128628653110103,0.013479315971626955
sequential-r1-s2,sequential,1,2,fixed,forehead,0.030234722420573235,0.7927066683769226,0.013894513249397278
sequential-r1-s2,sequential,1,2,fixed,cheek_viewer_left,0.02804751507937908,0.8393167853355408,0.014195270836353302
sequential-r1-s2,sequential,1,2,fixed,cheek_viewer_right,0.024233581498265266,0.8486650586128235,0.011455460451543331
sequential-r1-s2,sequential,1,2,1,weighted_three_regions,0.028562282582416255,0.8128628653110103,0.013479315971626955
sequential-r1-s2,sequential,1,2,1,forehead,0.030234722420573235,0.7927066683769226,0.013894513249397278
sequential-r1-s2,sequential,1,2,1,cheek_viewer_left,0.02804751507937908,0.8393167853355408,0.014195270836353302
sequential-r1-s2,sequential,1,2,1,cheek_viewer_right,0.024233581498265266,0.8486650586128235,0.011455460451543331
sequential-r1-s2,sequential,1,2,3,weighted_three_regions,0.030379659174119725,0.7939069108274331,0.014588363064343439
sequential-r1-s2,sequential,1,2,3,forehead,0.031706634908914566,0.7730000019073486,0.015395300462841988
sequential-r1-s2,sequential,1,2,3,cheek_viewer_left,0.03245927765965462,0.8247916102409363,0.014071025885641575
sequential-r1-s2,sequential,1,2,3,cheek_viewer_right,0.024146046489477158,0.827066957950592,0.01280239038169384
sequential-r1-s2,sequential,1,2,6,weighted_three_regions,0.030379659174119725,0.7939069108274331,0.014588363064343439
sequential-r1-s2,sequential,1,2,6,forehead,0.031706634908914566,0.7730000019073486,0.015395300462841988
sequential-r1-s2,sequential,1,2,6,cheek_viewer_left,0.03245927765965462,0.8247916102409363,0.014071025885641575
sequential-r1-s2,sequential,1,2,6,cheek_viewer_right,0.024146046489477158,0.827066957950592,0.01280239038169384
sequential-r1-s3,sequential,1,3,fixed,weighted_three_regions,0.03154209867119789,0.7825757657152892,0.014395646261160865
sequential-r1-s3,sequential,1,3,fixed,forehead,0.03053566813468933,0.7648410797119141,0.014576626010239124
sequential-r1-s3,sequential,1,3,fixed,cheek_viewer_left,0.034284330904483795,0.806725263595581,0.015392594039440155
sequential-r1-s3,sequential,1,3,fixed,cheek_viewer_right,0.03141048178076744,0.813068687915802,0.012742990627884865
sequential-r1-s3,sequential,1,3,1,weighted_three_regions,0.033222605599200025,0.7508149493245914,0.015550239351304139
sequential-r1-s3,sequential,1,3,1,forehead,0.03179645538330078,0.7276188731193542,0.016201796010136604
sequential-r1-s3,sequential,1,3,1,cheek_viewer_left,0.03686585649847984,0.7915825843811035,0.015033639967441559
sequential-r1-s3,sequential,1,3,1,cheek_viewer_right,0.03330902010202408,0.7801043391227722,0.014219405129551888
sequential-r1-s3,sequential,1,3,3,weighted_three_regions,0.033222605599200025,0.7508149493245914,0.015550239351304139
sequential-r1-s3,sequential,1,3,3,forehead,0.03179645538330078,0.7276188731193542,0.016201796010136604
sequential-r1-s3,sequential,1,3,3,cheek_viewer_left,0.03686585649847984,0.7915825843811035,0.015033639967441559
sequential-r1-s3,sequential,1,3,3,cheek_viewer_right,0.03330902010202408,0.7801043391227722,0.014219405129551888
sequential-r1-s3,sequential,1,3,6,weighted_three_regions,0.03331795368124457,0.7615400614506409,0.015490582927184946
sequential-r1-s3,sequential,1,3,6,forehead,0.03224257007241249,0.7373461723327637,0.01652311347424984
sequential-r1-s3,sequential,1,3,6,cheek_viewer_left,0.03569699451327324,0.8022667765617371,0.014420950785279274
sequential-r1-s3,sequential,1,3,6,cheek_viewer_right,0.03379727154970169,0.7941600680351257,0.013663933612406254
no_change-r1-s1,no_change,1,1,fixed,weighted_three_regions,0.0157562468200922,0.8499393232014715,0.011793606410570005
no_change-r1-s1,no_change,1,1,fixed,forehead,0.016104547306895256,0.8265908360481262,0.01252662856131792
no_change-r1-s1,no_change,1,1,fixed,cheek_viewer_left,0.01598108373582363,0.8963701128959656,0.010921032167971134
no_change-r1-s1,no_change,1,1,fixed,cheek_viewer_right,0.014481209218502045,0.8731958270072937,0.010624181479215622
no_change-r1-s1,no_change,1,1,1,weighted_three_regions,0.0157562468200922,0.8499393232014715,0.011793606410570005
no_change-r1-s1,no_change,1,1,1,forehead,0.016104547306895256,0.8265908360481262,0.01252662856131792
no_change-r1-s1,no_change,1,1,1,cheek_viewer_left,0.01598108373582363,0.8963701128959656,0.010921032167971134
no_change-r1-s1,no_change,1,1,1,cheek_viewer_right,0.014481209218502045,0.8731958270072937,0.010624181479215622
no_change-r1-s1,no_change,1,1,3,weighted_three_regions,0.0157562468200922,0.8499393232014715,0.011793606410570005
no_change-r1-s1,no_change,1,1,3,forehead,0.016104547306895256,0.8265908360481262,0.01252662856131792
no_change-r1-s1,no_change,1,1,3,cheek_viewer_left,0.01598108373582363,0.8963701128959656,0.010921032167971134
no_change-r1-s1,no_change,1,1,3,cheek_viewer_right,0.014481209218502045,0.8731958270072937,0.010624181479215622
no_change-r1-s1,no_change,1,1,6,weighted_three_regions,0.0157562468200922,0.8499393232014715,0.011793606410570005
no_change-r1-s1,no_change,1,1,6,forehead,0.016104547306895256,0.8265908360481262,0.01252662856131792
no_change-r1-s1,no_change,1,1,6,cheek_viewer_left,0.01598108373582363,0.8963701128959656,0.010921032167971134
no_change-r1-s1,no_change,1,1,6,cheek_viewer_right,0.014481209218502045,0.8731958270072937,0.010624181479215622
no_change-r1-s2,no_change,1,2,fixed,weighted_three_regions,0.023983851787360275,0.8119954220728373,0.013150557239046868
no_change-r1-s2,no_change,1,2,fixed,forehead,0.02455388382077217,0.7939860820770264,0.013595464639365673
no_change-r1-s2,no_change,1,2,fixed,cheek_viewer_left,0.0231438260525465,0.8598020672798157,0.012807924300432205
no_change-r1-s2,no_change,1,2,fixed,cheek_viewer_right,0.023256108164787292,0.8160954117774963,0.01223042793571949
no_change-r1-s2,no_change,1,2,1,weighted_three_regions,0.02405824655776515,0.8002140000813422,0.013717220020206535
no_change-r1-s2,no_change,1,2,1,forehead,0.023673254996538162,0.7784438729286194,0.014024014584720135
no_change-r1-s2,no_change,1,2,1,cheek_viewer_left,0.02464899607002735,0.8475468754768372,0.01381711196154356
no_change-r1-s2,no_change,1,2,1,cheek_viewer_right,0.0245234202593565,0.8172358870506287,0.012704545632004738
no_change-r1-s2,no_change,1,2,3,weighted_three_regions,0.02405824655776515,0.8002140000813422,0.013717220020206535
no_change-r1-s2,no_change,1,2,3,forehead,0.023673254996538162,0.7784438729286194,0.014024014584720135
no_change-r1-s2,no_change,1,2,3,cheek_viewer_left,0.02464899607002735,0.8475468754768372,0.01381711196154356
no_change-r1-s2,no_change,1,2,3,cheek_viewer_right,0.0245234202593565,0.8172358870506287,0.012704545632004738
no_change-r1-s2,no_change,1,2,6,weighted_three_regions,0.02405824655776515,0.8002140000813422,0.013717220020206535
no_change-r1-s2,no_change,1,2,6,forehead,0.023673254996538162,0.7784438729286194,0.014024014584720135
no_change-r1-s2,no_change,1,2,6,cheek_viewer_left,0.02464899607002735,0.8475468754768372,0.01381711196154356
no_change-r1-s2,no_change,1,2,6,cheek_viewer_right,0.0245234202593565,0.8172358870506287,0.012704545632004738
no_change-r1-s3,no_change,1,3,fixed,weighted_three_regions,0.032961746524362005,0.7833196783739507,0.01391963003531975
no_change-r1-s3,no_change,1,3,fixed,forehead,0.03373105823993683,0.7642238736152649,0.014375963248312473
no_change-r1-s3,no_change,1,3,fixed,cheek_viewer_left,0.03178320825099945,0.8293965458869934,0.013807185925543308
no_change-r1-s3,no_change,1,3,fixed,cheek_viewer_right,0.03203003853559494,0.7929906845092773,0.012707008980214596
no_change-r1-s3,no_change,1,3,1,weighted_three_regions,0.032961746524362005,0.7833196783739507,0.01391963003531975
no_change-r1-s3,no_change,1,3,1,forehead,0.03373105823993683,0.7642238736152649,0.014375963248312473
no_change-r1-s3,no_change,1,3,1,cheek_viewer_left,0.03178320825099945,0.8293965458869934,0.013807185925543308
no_change-r1-s3,no_change,1,3,1,cheek_viewer_right,0.03203003853559494,0.7929906845092773,0.012707008980214596
no_change-r1-s3,no_change,1,3,3,weighted_three_regions,0.0330870841180577,0.7688700572662114,0.01459306534160586
no_change-r1-s3,no_change,1,3,3,forehead,0.032800715416669846,0.7491233944892883,0.014842614531517029
no_change-r1-s3,no_change,1,3,3,cheek_viewer_left,0.033558983355760574,0.8114333748817444,0.015142526477575302
no_change-r1-s3,no_change,1,3,3,cheek_viewer_right,0.03339655324816704,0.7847368717193604,0.013242613524198532
no_change-r1-s3,no_change,1,3,6,weighted_three_regions,0.0330870841180577,0.7688700572662114,0.01459306534160586
no_change-r1-s3,no_change,1,3,6,forehead,0.032800715416669846,0.7491233944892883,0.014842614531517029
no_change-r1-s3,no_change,1,3,6,cheek_viewer_left,0.033558983355760574,0.8114333748817444,0.015142526477575302
no_change-r1-s3,no_change,1,3,6,cheek_viewer_right,0.03339655324816704,0.7847368717193604,0.013242613524198532
batch-r2-s1,batch,2,1,fixed,weighted_three_regions,0.017415225017158423,0.8396489338560419,0.012343285301809802
batch-r2-s1,batch,2,1,fixed,forehead,0.017301369458436966,0.812997579574585,0.01313827745616436
batch-r2-s1,batch,2,1,fixed,cheek_viewer_left,0.02225939743220806,0.8793370723724365,0.011817765422165394
batch-r2-s1,batch,2,1,fixed,cheek_viewer_right,0.012299642898142338,0.8815538287162781,0.010601571761071682
batch-r2-s1,batch,2,1,1,weighted_three_regions,0.017415225017158423,0.8396489338560419,0.012343285301809802
batch-r2-s1,batch,2,1,1,forehead,0.017301369458436966,0.812997579574585,0.01313827745616436
batch-r2-s1,batch,2,1,1,cheek_viewer_left,0.02225939743220806,0.8793370723724365,0.011817765422165394
batch-r2-s1,batch,2,1,1,cheek_viewer_right,0.012299642898142338,0.8815538287162781,0.010601571761071682
batch-r2-s1,batch,2,1,3,weighted_three_regions,0.017415225017158423,0.8396489338560419,0.012343285301809802
batch-r2-s1,batch,2,1,3,forehead,0.017301369458436966,0.812997579574585,0.01313827745616436
batch-r2-s1,batch,2,1,3,cheek_viewer_left,0.02225939743220806,0.8793370723724365,0.011817765422165394
batch-r2-s1,batch,2,1,3,cheek_viewer_right,0.012299642898142338,0.8815538287162781,0.010601571761071682
batch-r2-s1,batch,2,1,6,weighted_three_regions,0.017415225017158423,0.8396489338560419,0.012343285301809802
batch-r2-s1,batch,2,1,6,forehead,0.017301369458436966,0.812997579574585,0.01313827745616436
batch-r2-s1,batch,2,1,6,cheek_viewer_left,0.02225939743220806,0.8793370723724365,0.011817765422165394
batch-r2-s1,batch,2,1,6,cheek_viewer_right,0.012299642898142338,0.8815538287162781,0.010601571761071682
sequential-r2-s1,sequential,2,1,fixed,weighted_three_regions,0.019776625243179937,0.8439093305140125,0.012461508891600019
sequential-r2-s1,sequential,2,1,fixed,forehead,0.019674131646752357,0.8231633305549622,0.013199281878769398
sequential-r2-s1,sequential,2,1,fixed,cheek_viewer_left,0.022127987816929817,0.8833653330802917,0.01180328894406557
sequential-r2-s1,sequential,2,1,fixed,cheek_viewer_right,0.017432112246751785,0.8666499257087708,0.011036993935704231
sequential-r2-s1,sequential,2,1,1,weighted_three_regions,0.02002133781199946,0.812772581397645,0.01408429606434177
sequential-r2-s1,sequential,2,1,1,forehead,0.01995585300028324,0.7853831648826599,0.014882753603160381
sequential-r2-s1,sequential,2,1,1,cheek_viewer_left,0.01856866106390953,0.861416757106781,0.013697975315153599
sequential-r2-s1,sequential,2,1,1,cheek_viewer_right,0.021847765892744064,0.8467722535133362,0.012175814248621464
sequential-r2-s1,sequential,2,1,3,weighted_three_regions,0.02002133781199946,0.812772581397645,0.01408429606434177
sequential-r2-s1,sequential,2,1,3,forehead,0.01995585300028324,0.7853831648826599,0.014882753603160381
sequential-r2-s1,sequential,2,1,3,cheek_viewer_left,0.01856866106390953,0.861416757106781,0.013697975315153599
sequential-r2-s1,sequential,2,1,3,cheek_viewer_right,0.021847765892744064,0.8467722535133362,0.012175814248621464
sequential-r2-s1,sequential,2,1,6,weighted_three_regions,0.02002133781199946,0.812772581397645,0.01408429606434177
sequential-r2-s1,sequential,2,1,6,forehead,0.01995585300028324,0.7853831648826599,0.014882753603160381
sequential-r2-s1,sequential,2,1,6,cheek_viewer_left,0.01856866106390953,0.861416757106781,0.013697975315153599
sequential-r2-s1,sequential,2,1,6,cheek_viewer_right,0.021847765892744064,0.8467722535133362,0.012175814248621464
sequential-r2-s2,sequential,2,2,fixed,weighted_three_regions,0.025499999463996465,0.8092554170445333,0.013423764947801828
sequential-r2-s2,sequential,2,2,fixed,forehead,0.025363586843013763,0.7826476097106934,0.014491508714854717
sequential-r2-s2,sequential,2,2,fixed,cheek_viewer_left,0.021970639005303383,0.8463782668113708,0.012558279559016228
sequential-r2-s2,sequential,2,2,fixed,cheek_viewer_right,0.029870836064219475,0.8539769649505615,0.011264116503298283
sequential-r2-s2,sequential,2,2,1,weighted_three_regions,0.025499999463996465,0.8092554170445333,0.013423764947801828
sequential-r2-s2,sequential,2,2,1,forehead,0.025363586843013763,0.7826476097106934,0.014491508714854717
sequential-r2-s2,sequential,2,2,1,cheek_viewer_left,0.021970639005303383,0.8463782668113708,0.012558279559016228
sequential-r2-s2,sequential,2,2,1,cheek_viewer_right,0.029870836064219475,0.8539769649505615,0.011264116503298283
sequential-r2-s2,sequential,2,2,3,weighted_three_regions,0.025499999463996465,0.8092554170445333,0.013423764947801828
sequential-r2-s2,sequential,2,2,3,forehead,0.025363586843013763,0.7826476097106934,0.014491508714854717
sequential-r2-s2,sequential,2,2,3,cheek_viewer_left,0.021970639005303383,0.8463782668113708,0.012558279559016228
sequential-r2-s2,sequential,2,2,3,cheek_viewer_right,0.029870836064219475,0.8539769649505615,0.011264116503298283
sequential-r2-s2,sequential,2,2,6,weighted_three_regions,0.02667493173523861,0.7707884748651993,0.015242751740357455
sequential-r2-s2,sequential,2,2,6,forehead,0.0260370671749115,0.7330511212348938,0.016824064776301384
sequential-r2-s2,sequential,2,2,6,cheek_viewer_left,0.023603761568665504,0.8264523148536682,0.013697506859898567
sequential-r2-s2,sequential,2,2,6,cheek_viewer_right,0.03200182691216469,0.830739438533783,0.012340751476585865
sequential-r2-s3,sequential,2,3,fixed,weighted_three_regions,0.032519415450446745,0.7681708294705282,0.01479496846523355
sequential-r2-s3,sequential,2,3,fixed,forehead,0.030543623492121696,0.7414391040802002,0.01580042392015457
sequential-r2-s3,sequential,2,3,fixed,cheek_viewer_left,0.031117508187890053,0.8023709654808044,0.014435114338994026
sequential-r2-s3,sequential,2,3,fixed,cheek_viewer_right,0.03989456966519356,0.8166725039482117,0.012249271385371685
sequential-r2-s3,sequential,2,3,1,weighted_three_regions,0.0322420241333106,0.7612488669353527,0.014962203006314881
sequential-r2-s3,sequential,2,3,1,forehead,0.03095261938869953,0.7341278195381165,0.015777040272951126
sequential-r2-s3,sequential,2,3,1,cheek_viewer_left,0.030091295018792152,0.8132385611534119,0.014190065674483776
sequential-r2-s3,sequential,2,3,1,cheek_viewer_right,0.03844538331031799,0.7905052304267883,0.01343969814479351
sequential-r2-s3,sequential,2,3,3,weighted_three_regions,0.032519415450446745,0.7681708294705282,0.01479496846523355
sequential-r2-s3,sequential,2,3,3,forehead,0.030543623492121696,0.7414391040802002,0.01580042392015457
sequential-r2-s3,sequential,2,3,3,cheek_viewer_left,0.031117508187890053,0.8023709654808044,0.014435114338994026
sequential-r2-s3,sequential,2,3,3,cheek_viewer_right,0.03989456966519356,0.8166725039482117,0.012249271385371685
sequential-r2-s3,sequential,2,3,6,weighted_three_regions,0.032519415450446745,0.7681708294705282,0.01479496846523355
sequential-r2-s3,sequential,2,3,6,forehead,0.030543623492121696,0.7414391040802002,0.01580042392015457
sequential-r2-s3,sequential,2,3,6,cheek_viewer_left,0.031117508187890053,0.8023709654808044,0.014435114338994026
sequential-r2-s3,sequential,2,3,6,cheek_viewer_right,0.03989456966519356,0.8166725039482117,0.012249271385371685
no_change-r2-s1,no_change,2,1,fixed,weighted_three_regions,0.01594175237504875,0.8494016376544766,0.011848196579033838
no_change-r2-s1,no_change,2,1,fixed,forehead,0.015589162707328796,0.8247779011726379,0.0126195615157485
no_change-r2-s1,no_change,2,1,fixed,cheek_viewer_left,0.01731247827410698,0.8900671005249023,0.011051710695028305
no_change-r2-s1,no_change,2,1,fixed,cheek_viewer_right,0.015434368513524532,0.8835067749023438,0.010480654425919056
no_change-r2-s1,no_change,2,1,1,weighted_three_regions,0.016945405819398515,0.8206865343980175,0.013446715371135403
no_change-r2-s1,no_change,2,1,1,forehead,0.017498906701803207,0.7902361750602722,0.014482556842267513
no_change-r2-s1,no_change,2,1,1,cheek_viewer_left,0.016810180619359016,0.886832058429718,0.011802162043750286
no_change-r2-s1,no_change,2,1,1,cheek_viewer_right,0.015473272651433945,0.84456467628479,0.012257136404514313
no_change-r2-s1,no_change,2,1,3,weighted_three_regions,0.01594175237504875,0.8494016376544766,0.011848196579033838
no_change-r2-s1,no_change,2,1,3,forehead,0.015589162707328796,0.8247779011726379,0.0126195615157485
no_change-r2-s1,no_change,2,1,3,cheek_viewer_left,0.01731247827410698,0.8900671005249023,0.011051710695028305
no_change-r2-s1,no_change,2,1,3,cheek_viewer_right,0.015434368513524532,0.8835067749023438,0.010480654425919056
no_change-r2-s1,no_change,2,1,6,weighted_three_regions,0.01594175237504875,0.8494016376544766,0.011848196579033838
no_change-r2-s1,no_change,2,1,6,forehead,0.015589162707328796,0.8247779011726379,0.0126195615157485
no_change-r2-s1,no_change,2,1,6,cheek_viewer_left,0.01731247827410698,0.8900671005249023,0.011051710695028305
no_change-r2-s1,no_change,2,1,6,cheek_viewer_right,0.015434368513524532,0.8835067749023438,0.010480654425919056
no_change-r2-s2,no_change,2,2,fixed,weighted_three_regions,0.021202422954580365,0.8195990411041296,0.013113684653140166
no_change-r2-s2,no_change,2,2,fixed,forehead,0.020230283960700035,0.7947919964790344,0.013948136940598488
no_change-r2-s2,no_change,2,2,fixed,cheek_viewer_left,0.023683300241827965,0.8634223341941833,0.01226669643074274
no_change-r2-s2,no_change,2,2,fixed,cheek_viewer_right,0.021264201030135155,0.8506637215614319,0.011617826297879219
no_change-r2-s2,no_change,2,2,1,weighted_three_regions,0.021085736858932412,0.8094601659235812,0.013480988731059958
no_change-r2-s2,no_change,2,2,1,forehead,0.020436106249690056,0.7852378487586975,0.014042320661246777
no_change-r2-s2,no_change,2,2,1,cheek_viewer_left,0.023091953247785568,0.859966516494751,0.012844733893871307
no_change-r2-s2,no_change,2,2,1,cheek_viewer_right,0.02073509991168976,0.8308895230293274,0.012549533508718014
no_change-r2-s2,no_change,2,2,3,weighted_three_regions,0.021085736858932412,0.8094601659235812,0.013480988731059958
no_change-r2-s2,no_change,2,2,3,forehead,0.020436106249690056,0.7852378487586975,0.014042320661246777
no_change-r2-s2,no_change,2,2,3,cheek_viewer_left,0.023091953247785568,0.859966516494751,0.012844733893871307
no_change-r2-s2,no_change,2,2,3,cheek_viewer_right,0.02073509991168976,0.8308895230293274,0.012549533508718014
no_change-r2-s2,no_change,2,2,6,weighted_three_regions,0.021085736858932412,0.8094601659235812,0.013480988731059958
no_change-r2-s2,no_change,2,2,6,forehead,0.020436106249690056,0.7852378487586975,0.014042320661246777
no_change-r2-s2,no_change,2,2,6,cheek_viewer_left,0.023091953247785568,0.859966516494751,0.012844733893871307
no_change-r2-s2,no_change,2,2,6,cheek_viewer_right,0.02073509991168976,0.8308895230293274,0.012549533508718014
no_change-r2-s3,no_change,2,3,fixed,weighted_three_regions,0.02491407020127072,0.8001054382211934,0.013753472964334138
no_change-r2-s3,no_change,2,3,fixed,forehead,0.024629119783639908,0.7776703834533691,0.014539677649736404
no_change-r2-s3,no_change,2,3,fixed,cheek_viewer_left,0.025917280465364456,0.8443710207939148,0.013068686239421368
no_change-r2-s3,no_change,2,3,fixed,cheek_viewer_right,0.02462165243923664,0.8228545188903809,0.012216721661388874
no_change-r2-s3,no_change,2,3,1,weighted_three_regions,0.025771049175630598,0.775849017187415,0.014715200332815157
no_change-r2-s3,no_change,2,3,1,forehead,0.025477932766079903,0.7581695914268494,0.015001668594777584
no_change-r2-s3,no_change,2,3,1,cheek_viewer_left,0.029388420283794403,0.8059765696525574,0.01565682142972946
no_change-r2-s3,no_change,2,3,1,cheek_viewer_right,0.022561663761734962,0.7992623448371887,0.012815228663384914
no_change-r2-s3,no_change,2,3,3,weighted_three_regions,0.025771049175630598,0.775849017187415,0.014715200332815157
no_change-r2-s3,no_change,2,3,3,forehead,0.025477932766079903,0.7581695914268494,0.015001668594777584
no_change-r2-s3,no_change,2,3,3,cheek_viewer_left,0.029388420283794403,0.8059765696525574,0.01565682142972946
no_change-r2-s3,no_change,2,3,3,cheek_viewer_right,0.022561663761734962,0.7992623448371887,0.012815228663384914
no_change-r2-s3,no_change,2,3,6,weighted_three_regions,0.025771049175630598,0.775849017187415,0.014715200332815157
no_change-r2-s3,no_change,2,3,6,forehead,0.025477932766079903,0.7581695914268494,0.015001668594777584
no_change-r2-s3,no_change,2,3,6,cheek_viewer_left,0.029388420283794403,0.8059765696525574,0.01565682142972946
no_change-r2-s3,no_change,2,3,6,cheek_viewer_right,0.022561663761734962,0.7992623448371887,0.012815228663384914
