id,person,order,repeat,stage,added,completed_set,basis,scope,region,mode,mae,ssim,lpips,highpass_mae
P04-no_change-r1-s4,P04,no_change,1,4,none,none,original,face,whole_roi,fixed,0.038374654948711395,0.8295213580131531,0.0733725056052208,
P04-no_change-r1-s4,P04,no_change,1,4,none,none,original,skin,weighted_three_regions,fixed,0.0322310639895937,0.7868157630812617,,0.013389799333013156
P04-no_change-r1-s4,P04,no_change,1,4,none,none,original,skin,forehead,fixed,0.03369327262043953,0.7680304646492004,,0.013768002390861511
P04-no_change-r1-s4,P04,no_change,1,4,none,none,original,skin,cheek_viewer_left,fixed,0.026631394401192665,0.8270707130432129,,0.013541494496166706
P04-no_change-r1-s4,P04,no_change,1,4,none,none,original,skin,cheek_viewer_right,fixed,0.03423980623483658,0.8021826148033142,,0.012109296396374702
P04-no_change-r1-s4,P04,no_change,1,4,none,none,original,face,whole_roi,1,0.038374654948711395,0.8295213580131531,0.0733725056052208,
P04-no_change-r1-s4,P04,no_change,1,4,none,none,original,skin,weighted_three_regions,1,0.0322310639895937,0.7868157630812617,,0.013389799333013156
P04-no_change-r1-s4,P04,no_change,1,4,none,none,original,skin,forehead,1,0.03369327262043953,0.7680304646492004,,0.013768002390861511
P04-no_change-r1-s4,P04,no_change,1,4,none,none,original,skin,cheek_viewer_left,1,0.026631394401192665,0.8270707130432129,,0.013541494496166706
P04-no_change-r1-s4,P04,no_change,1,4,none,none,original,skin,cheek_viewer_right,1,0.03423980623483658,0.8021826148033142,,0.012109296396374702
P04-no_change-r1-s4,P04,no_change,1,4,none,none,original,face,whole_roi,3,0.038374654948711395,0.8295213580131531,0.0733725056052208,
P04-no_change-r1-s4,P04,no_change,1,4,none,none,original,skin,weighted_three_regions,3,0.0322310639895937,0.7868157630812617,,0.013389799333013156
P04-no_change-r1-s4,P04,no_change,1,4,none,none,original,skin,forehead,3,0.03369327262043953,0.7680304646492004,,0.013768002390861511
P04-no_change-r1-s4,P04,no_change,1,4,none,none,original,skin,cheek_viewer_left,3,0.026631394401192665,0.8270707130432129,,0.013541494496166706
P04-no_change-r1-s4,P04,no_change,1,4,none,none,original,skin,cheek_viewer_right,3,0.03423980623483658,0.8021826148033142,,0.012109296396374702
P04-no_change-r1-s4,P04,no_change,1,4,none,none,original,face,whole_roi,6,0.038374654948711395,0.8295213580131531,0.0733725056052208,
P04-no_change-r1-s4,P04,no_change,1,4,none,none,original,skin,weighted_three_regions,6,0.0322310639895937,0.7868157630812617,,0.013389799333013156
P04-no_change-r1-s4,P04,no_change,1,4,none,none,original,skin,forehead,6,0.03369327262043953,0.7680304646492004,,0.013768002390861511
P04-no_change-r1-s4,P04,no_change,1,4,none,none,original,skin,cheek_viewer_left,6,0.026631394401192665,0.8270707130432129,,0.013541494496166706
P04-no_change-r1-s4,P04,no_change,1,4,none,none,original,skin,cheek_viewer_right,6,0.03423980623483658,0.8021826148033142,,0.012109296396374702
P04-no_change-r1-s4,P04,no_change,1,4,none,none,previous,face,whole_roi,fixed,0.014141875319182873,0.9487884640693665,0.017075639218091965,
P04-no_change-r1-s4,P04,no_change,1,4,none,none,previous,skin,weighted_three_regions,fixed,0.010495771108304753,0.9423208651213294,,0.007150205845999367
P04-no_change-r1-s4,P04,no_change,1,4,none,none,previous,skin,forehead,fixed,0.00923252385109663,0.9374160766601562,,0.0073844799771904945
P04-no_change-r1-s4,P04,no_change,1,4,none,none,previous,skin,cheek_viewer_left,fixed,0.014646229334175587,0.9557931423187256,,0.006809620186686516
P04-no_change-r1-s4,P04,no_change,1,4,none,none,previous,skin,cheek_viewer_right,fixed,0.00953353475779295,0.9429156184196472,,0.006845881696790457
P04-no_change-r1-s4,P04,no_change,1,4,none,none,previous,face,whole_roi,1,0.014141875319182873,0.9487884640693665,0.017075639218091965,
P04-no_change-r1-s4,P04,no_change,1,4,none,none,previous,skin,weighted_three_regions,1,0.010495771108304753,0.9423208651213294,,0.007150205845999367
P04-no_change-r1-s4,P04,no_change,1,4,none,none,previous,skin,forehead,1,0.00923252385109663,0.9374160766601562,,0.0073844799771904945
P04-no_change-r1-s4,P04,no_change,1,4,none,none,previous,skin,cheek_viewer_left,1,0.014646229334175587,0.9557931423187256,,0.006809620186686516
P04-no_change-r1-s4,P04,no_change,1,4,none,none,previous,skin,cheek_viewer_right,1,0.00953353475779295,0.9429156184196472,,0.006845881696790457
P04-no_change-r1-s4,P04,no_change,1,4,none,none,previous,face,whole_roi,3,0.014141875319182873,0.9487884640693665,0.017075639218091965,
P04-no_change-r1-s4,P04,no_change,1,4,none,none,previous,skin,weighted_three_regions,3,0.010495771108304753,0.9423208651213294,,0.007150205845999367
P04-no_change-r1-s4,P04,no_change,1,4,none,none,previous,skin,forehead,3,0.00923252385109663,0.9374160766601562,,0.0073844799771904945
P04-no_change-r1-s4,P04,no_change,1,4,none,none,previous,skin,cheek_viewer_left,3,0.014646229334175587,0.9557931423187256,,0.006809620186686516
P04-no_change-r1-s4,P04,no_change,1,4,none,none,previous,skin,cheek_viewer_right,3,0.00953353475779295,0.9429156184196472,,0.006845881696790457
P04-no_change-r1-s4,P04,no_change,1,4,none,none,previous,face,whole_roi,6,0.014141875319182873,0.9487884640693665,0.017075639218091965,
P04-no_change-r1-s4,P04,no_change,1,4,none,none,previous,skin,weighted_three_regions,6,0.010495771108304753,0.9423208651213294,,0.007150205845999367
P04-no_change-r1-s4,P04,no_change,1,4,none,none,previous,skin,forehead,6,0.00923252385109663,0.9374160766601562,,0.0073844799771904945
P04-no_change-r1-s4,P04,no_change,1,4,none,none,previous,skin,cheek_viewer_left,6,0.014646229334175587,0.9557931423187256,,0.006809620186686516
P04-no_change-r1-s4,P04,no_change,1,4,none,none,previous,skin,cheek_viewer_right,6,0.00953353475779295,0.9429156184196472,,0.006845881696790457
P04-no_change-r2-s4,P04,no_change,2,4,none,none,original,face,whole_roi,fixed,0.038199976086616516,0.758645236492157,0.07654732465744019,
P04-no_change-r2-s4,P04,no_change,2,4,none,none,original,skin,weighted_three_regions,fixed,0.02850942110094954,0.7882980333766907,,0.013419169507482473
P04-no_change-r2-s4,P04,no_change,2,4,none,none,original,skin,forehead,fixed,0.027186162769794464,0.7763944268226624,,0.01363256387412548
P04-no_change-r2-s4,P04,no_change,2,4,none,none,original,skin,cheek_viewer_left,fixed,0.028133971616625786,0.8318173289299011,,0.013318104669451714
P04-no_change-r2-s4,P04,no_change,2,4,none,none,original,skin,cheek_viewer_right,fixed,0.032814934849739075,0.7772534489631653,,0.012906656600534916
P04-no_change-r2-s4,P04,no_change,2,4,none,none,original,face,whole_roi,1,0.033503804355859756,0.7979965806007385,0.07207636535167694,
P04-no_change-r2-s4,P04,no_change,2,4,none,none,original,skin,weighted_three_regions,1,0.02859111967113088,0.7805741531321168,,0.014454969207153601
P04-no_change-r2-s4,P04,no_change,2,4,none,none,original,skin,forehead,1,0.029020337387919426,0.7607582211494446,,0.014909136109054089
P04-no_change-r2-s4,P04,no_change,2,4,none,none,original,skin,cheek_viewer_left,1,0.030474290251731873,0.8028401732444763,,0.015553236939013004
P04-no_change-r2-s4,P04,no_change,2,4,none,none,original,skin,cheek_viewer_right,1,0.025213003158569336,0.8200888633728027,,0.011886654421687126
P04-no_change-r2-s4,P04,no_change,2,4,none,none,original,face,whole_roi,3,0.03363392502069473,0.7980451583862305,0.07241898775100708,
P04-no_change-r2-s4,P04,no_change,2,4,none,none,original,skin,weighted_three_regions,3,0.027953285978120915,0.7902355658203316,,0.014002867972149568
P04-no_change-r2-s4,P04,no_change,2,4,none,none,original,skin,forehead,3,0.02744998410344124,0.7764679789543152,,0.014141907915472984
P04-no_change-r2-s4,P04,no_change,2,4,none,none,original,skin,cheek_viewer_left,3,0.03158695623278618,0.8001734614372253,,0.015704983845353127
P04-no_change-r2-s4,P04,no_change,2,4,none,none,original,skin,cheek_viewer_right,3,0.025342358276247978,0.8240723609924316,,0.01167997159063816
P04-no_change-r2-s4,P04,no_change,2,4,none,none,original,face,whole_roi,6,0.03363392502069473,0.7980451583862305,0.07241898775100708,
P04-no_change-r2-s4,P04,no_change,2,4,none,none,original,skin,weighted_three_regions,6,0.027953285978120915,0.7902355658203316,,0.014002867972149568
P04-no_change-r2-s4,P04,no_change,2,4,none,none,original,skin,forehead,6,0.02744998410344124,0.7764679789543152,,0.014141907915472984
P04-no_change-r2-s4,P04,no_change,2,4,none,none,original,skin,cheek_viewer_left,6,0.03158695623278618,0.8001734614372253,,0.015704983845353127
P04-no_change-r2-s4,P04,no_change,2,4,none,none,original,skin,cheek_viewer_right,6,0.025342358276247978,0.8240723609924316,,0.01167997159063816
P04-no_change-r2-s4,P04,no_change,2,4,none,none,previous,face,whole_roi,fixed,0.022019213065505028,0.8557095527648926,0.029995890334248543,
P04-no_change-r2-s4,P04,no_change,2,4,none,none,previous,skin,weighted_three_regions,fixed,0.01512360676903935,0.8847097477508676,,0.009248153875198435
P04-no_change-r2-s4,P04,no_change,2,4,none,none,previous,skin,forehead,fixed,0.013471277430653572,0.882575511932373,,0.008857009001076221
P04-no_change-r2-s4,P04,no_change,2,4,none,none,previous,skin,cheek_viewer_left,fixed,0.017674725502729416,0.9381003379821777,,0.008427277207374573
P04-no_change-r2-s4,P04,no_change,2,4,none,none,previous,skin,cheek_viewer_right,fixed,0.017102397978305817,0.8301281332969666,,0.011319464072585106
P04-no_change-r2-s4,P04,no_change,2,4,none,none,previous,face,whole_roi,1,0.016287419945001602,0.9103339314460754,0.021232031285762787,
P04-no_change-r2-s4,P04,no_change,2,4,none,none,previous,skin,weighted_three_regions,1,0.011532487704911653,0.9183040308054051,,0.008743928814416423
P04-no_change-r2-s4,P04,no_change,2,4,none,none,previous,skin,forehead,1,0.011228108778595924,0.9158622622489929,,0.008298363536596298
P04-no_change-r2-s4,P04,no_change,2,4,none,none,previous,skin,cheek_viewer_left,1,0.011926375329494476,0.9323658347129822,,0.009822654537856579
P04-no_change-r2-s4,P04,no_change,2,4,none,none,previous,skin,cheek_viewer_right,1,0.011982571333646774,0.9101137518882751,,0.008837884292006493
P04-no_change-r2-s4,P04,no_change,2,4,none,none,previous,face,whole_roi,3,0.016287419945001602,0.9103339314460754,0.021232031285762787,
P04-no_change-r2-s4,P04,no_change,2,4,none,none,previous,skin,weighted_three_regions,3,0.011532487704911653,0.9183040308054051,,0.008743928814416423
P04-no_change-r2-s4,P04,no_change,2,4,none,none,previous,skin,forehead,3,0.011228108778595924,0.9158622622489929,,0.008298363536596298
P04-no_change-r2-s4,P04,no_change,2,4,none,none,previous,skin,cheek_viewer_left,3,0.011926375329494476,0.9323658347129822,,0.009822654537856579
P04-no_change-r2-s4,P04,no_change,2,4,none,none,previous,skin,cheek_viewer_right,3,0.011982571333646774,0.9101137518882751,,0.008837884292006493
P04-no_change-r2-s4,P04,no_change,2,4,none,none,previous,face,whole_roi,6,0.016287419945001602,0.9103339314460754,0.021232031285762787,
P04-no_change-r2-s4,P04,no_change,2,4,none,none,previous,skin,weighted_three_regions,6,0.011532487704911653,0.9183040308054051,,0.008743928814416423
P04-no_change-r2-s4,P04,no_change,2,4,none,none,previous,skin,forehead,6,0.011228108778595924,0.9158622622489929,,0.008298363536596298
P04-no_change-r2-s4,P04,no_change,2,4,none,none,previous,skin,cheek_viewer_left,6,0.011926375329494476,0.9323658347129822,,0.009822654537856579
P04-no_change-r2-s4,P04,no_change,2,4,none,none,previous,skin,cheek_viewer_right,6,0.011982571333646774,0.9101137518882751,,0.008837884292006493
P04-no_change-r1-s5,P04,no_change,1,5,none,none,original,face,whole_roi,fixed,0.04046093299984932,0.814348042011261,0.08559887111186981,
P04-no_change-r1-s5,P04,no_change,1,5,none,none,original,skin,weighted_three_regions,fixed,0.03340753440252122,0.7786867389312158,,0.01348228643374408
P04-no_change-r1-s5,P04,no_change,1,5,none,none,original,skin,forehead,fixed,0.03518805652856827,0.7614112496376038,,0.013833407312631607
P04-no_change-r1-s5,P04,no_change,1,5,none,none,original,skin,cheek_viewer_left,fixed,0.027889302000403404,0.8132488131523132,,0.013975891284644604
P04-no_change-r1-s5,P04,no_change,1,5,none,none,original,skin,cheek_viewer_right,fixed,0.034390561282634735,0.7956541180610657,,0.011896608397364616
P04-no_change-r1-s5,P04,no_change,1,5,none,none,original,face,whole_roi,1,0.04046093299984932,0.814348042011261,0.08559887111186981,
P04-no_change-r1-s5,P04,no_change,1,5,none,none,original,skin,weighted_three_regions,1,0.03340753440252122,0.7786867389312158,,0.01348228643374408
P04-no_change-r1-s5,P04,no_change,1,5,none,none,original,skin,forehead,1,0.03518805652856827,0.7614112496376038,,0.013833407312631607
P04-no_change-r1-s5,P04,no_change,1,5,none,none,original,skin,cheek_viewer_left,1,0.027889302000403404,0.8132488131523132,,0.013975891284644604
P04-no_change-r1-s5,P04,no_change,1,5,none,none,original,skin,cheek_viewer_right,1,0.034390561282634735,0.7956541180610657,,0.011896608397364616
P04-no_change-r1-s5,P04,no_change,1,5,none,none,original,face,whole_roi,3,0.04046093299984932,0.814348042011261,0.08559887111186981,
P04-no_change-r1-s5,P04,no_change,1,5,none,none,original,skin,weighted_three_regions,3,0.03340753440252122,0.7786867389312158,,0.01348228643374408
P04-no_change-r1-s5,P04,no_change,1,5,none,none,original,skin,forehead,3,0.03518805652856827,0.7614112496376038,,0.013833407312631607
P04-no_change-r1-s5,P04,no_change,1,5,none,none,original,skin,cheek_viewer_left,3,0.027889302000403404,0.8132488131523132,,0.013975891284644604
P04-no_change-r1-s5,P04,no_change,1,5,none,none,original,skin,cheek_viewer_right,3,0.034390561282634735,0.7956541180610657,,0.011896608397364616
P04-no_change-r1-s5,P04,no_change,1,5,none,none,original,face,whole_roi,6,0.04046093299984932,0.814348042011261,0.08559887111186981,
P04-no_change-r1-s5,P04,no_change,1,5,none,none,original,skin,weighted_three_regions,6,0.03340753440252122,0.7786867389312158,,0.01348228643374408
P04-no_change-r1-s5,P04,no_change,1,5,none,none,original,skin,forehead,6,0.03518805652856827,0.7614112496376038,,0.013833407312631607
P04-no_change-r1-s5,P04,no_change,1,5,none,none,original,skin,cheek_viewer_left,6,0.027889302000403404,0.8132488131523132,,0.013975891284644604
P04-no_change-r1-s5,P04,no_change,1,5,none,none,original,skin,cheek_viewer_right,6,0.034390561282634735,0.7956541180610657,,0.011896608397364616
P04-no_change-r1-s5,P04,no_change,1,5,none,none,previous,face,whole_roi,fixed,0.01347285509109497,0.965512752532959,0.012539125047624111,
P04-no_change-r1-s5,P04,no_change,1,5,none,none,previous,skin,weighted_three_regions,fixed,0.012583237865611035,0.9628317503951596,,0.005307332770351101
P04-no_change-r1-s5,P04,no_change,1,5,none,none,previous,skin,forehead,fixed,0.011429955251514912,0.956801176071167,,0.005573773756623268
P04-no_change-r1-s5,P04,no_change,1,5,none,none,previous,skin,cheek_viewer_left,fixed,0.016513641923666,0.9723450541496277,,0.00519542396068573
P04-no_change-r1-s5,P04,no_change,1,5,none,none,previous,skin,cheek_viewer_right,fixed,0.011545868590474129,0.971699059009552,,0.004651352763175964
P04-no_change-r1-s5,P04,no_change,1,5,none,none,previous,face,whole_roi,1,0.01347285509109497,0.965512752532959,0.012539125047624111,
P04-no_change-r1-s5,P04,no_change,1,5,none,none,previous,skin,weighted_three_regions,1,0.012583237865611035,0.9628317503951596,,0.005307332770351101
P04-no_change-r1-s5,P04,no_change,1,5,none,none,previous,skin,forehead,1,0.011429955251514912,0.956801176071167,,0.005573773756623268
P04-no_change-r1-s5,P04,no_change,1,5,none,none,previous,skin,cheek_viewer_left,1,0.016513641923666,0.9723450541496277,,0.00519542396068573
P04-no_change-r1-s5,P04,no_change,1,5,none,none,previous,skin,cheek_viewer_right,1,0.011545868590474129,0.971699059009552,,0.004651352763175964
P04-no_change-r1-s5,P04,no_change,1,5,none,none,previous,face,whole_roi,3,0.01347285509109497,0.965512752532959,0.012539125047624111,
P04-no_change-r1-s5,P04,no_change,1,5,none,none,previous,skin,weighted_three_regions,3,0.012583237865611035,0.9628317503951596,,0.005307332770351101
P04-no_change-r1-s5,P04,no_change,1,5,none,none,previous,skin,forehead,3,0.011429955251514912,0.956801176071167,,0.005573773756623268
P04-no_change-r1-s5,P04,no_change,1,5,none,none,previous,skin,cheek_viewer_left,3,0.016513641923666,0.9723450541496277,,0.00519542396068573
P04-no_change-r1-s5,P04,no_change,1,5,none,none,previous,skin,cheek_viewer_right,3,0.011545868590474129,0.971699059009552,,0.004651352763175964
P04-no_change-r1-s5,P04,no_change,1,5,none,none,previous,face,whole_roi,6,0.01347285509109497,0.965512752532959,0.012539125047624111,
P04-no_change-r1-s5,P04,no_change,1,5,none,none,previous,skin,weighted_three_regions,6,0.012583237865611035,0.9628317503951596,,0.005307332770351101
P04-no_change-r1-s5,P04,no_change,1,5,none,none,previous,skin,forehead,6,0.011429955251514912,0.956801176071167,,0.005573773756623268
P04-no_change-r1-s5,P04,no_change,1,5,none,none,previous,skin,cheek_viewer_left,6,0.016513641923666,0.9723450541496277,,0.00519542396068573
P04-no_change-r1-s5,P04,no_change,1,5,none,none,previous,skin,cheek_viewer_right,6,0.011545868590474129,0.971699059009552,,0.004651352763175964
P04-no_change-r2-s5,P04,no_change,2,5,none,none,original,face,whole_roi,fixed,0.043092090636491776,0.7434731125831604,0.09678949415683746,
P04-no_change-r2-s5,P04,no_change,2,5,none,none,original,skin,weighted_three_regions,fixed,0.032683775876374804,0.7763433666019649,,0.013647074085824629
P04-no_change-r2-s5,P04,no_change,2,5,none,none,original,skin,forehead,fixed,0.030996035784482956,0.7682090401649475,,0.013781437650322914
P04-no_change-r2-s5,P04,no_change,2,5,none,none,original,skin,cheek_viewer_left,fixed,0.03080540895462036,0.817084789276123,,0.013647912070155144
P04-no_change-r2-s5,P04,no_change,2,5,none,none,original,skin,cheek_viewer_right,fixed,0.03974965214729309,0.7561008334159851,,0.013251838274300098
P04-no_change-r2-s5,P04,no_change,2,5,none,none,original,face,whole_roi,1,0.036187753081321716,0.8034335970878601,0.08797741681337357,
P04-no_change-r2-s5,P04,no_change,2,5,none,none,original,skin,weighted_three_regions,1,0.031488850489258764,0.7773247644702905,,0.014201039842822973
P04-no_change-r2-s5,P04,no_change,2,5,none,none,original,skin,forehead,1,0.031639356166124344,0.7568979263305664,,0.014628684148192406
P04-no_change-r2-s5,P04,no_change,2,5,none,none,original,skin,cheek_viewer_left,1,0.031739115715026855,0.8054750561714172,,0.014902783557772636
P04-no_change-r2-s5,P04,no_change,2,5,none,none,original,skin,cheek_viewer_right,1,0.03076563961803913,0.8120601773262024,,0.012156645767390728
P04-no_change-r2-s5,P04,no_change,2,5,none,none,original,face,whole_roi,3,0.036187753081321716,0.8034335970878601,0.08797741681337357,
P04-no_change-r2-s5,P04,no_change,2,5,none,none,original,skin,weighted_three_regions,3,0.031488850489258764,0.7773247644702905,,0.014201039842822973
P04-no_change-r2-s5,P04,no_change,2,5,none,none,original,skin,forehead,3,0.031639356166124344,0.7568979263305664,,0.014628684148192406
P04-no_change-r2-s5,P04,no_change,2,5,none,none,original,skin,cheek_viewer_left,3,0.031739115715026855,0.8054750561714172,,0.014902783557772636
P04-no_change-r2-s5,P04,no_change,2,5,none,none,original,skin,cheek_viewer_right,3,0.03076563961803913,0.8120601773262024,,0.012156645767390728
P04-no_change-r2-s5,P04,no_change,2,5,none,none,original,face,whole_roi,6,0.036783117800951004,0.7978377342224121,0.08931621164083481,
P04-no_change-r2-s5,P04,no_change,2,5,none,none,original,skin,weighted_three_regions,6,0.030934063178651473,0.7858822953944303,,0.013786110865938313
P04-no_change-r2-s5,P04,no_change,2,5,none,none,original,skin,forehead,6,0.030218813568353653,0.7701483368873596,,0.013953897170722485
P04-no_change-r2-s5,P04,no_change,2,5,none,none,original,skin,cheek_viewer_left,6,0.03261576220393181,0.8035246729850769,,0.01511659286916256
P04-no_change-r2-s5,P04,no_change,2,5,none,none,original,skin,cheek_viewer_right,6,0.031141068786382675,0.8172998428344727,,0.011796945706009865
P04-no_change-r2-s5,P04,no_change,2,5,none,none,previous,face,whole_roi,fixed,0.011628811247646809,0.9527614712715149,0.01416233740746975,
P04-no_change-r2-s5,P04,no_change,2,5,none,none,previous,skin,weighted_three_regions,fixed,0.008120530518867514,0.9636265809532237,,0.004876570370157852
P04-no_change-r2-s5,P04,no_change,2,5,none,none,previous,skin,forehead,fixed,0.0076605151407420635,0.958793580532074,,0.004794570617377758
P04-no_change-r2-s5,P04,no_change,2,5,none,none,previous,skin,cheek_viewer_left,fixed,0.007137669250369072,0.9832996726036072,,0.00446834834292531
P04-no_change-r2-s5,P04,no_change,2,5,none,none,previous,skin,cheek_viewer_right,fixed,0.010576175525784492,0.9568303227424622,,0.005576450377702713
P04-no_change-r2-s5,P04,no_change,2,5,none,none,previous,face,whole_roi,1,0.011628811247646809,0.9527614712715149,0.01416233740746975,
P04-no_change-r2-s5,P04,no_change,2,5,none,none,previous,skin,weighted_three_regions,1,0.008120530518867514,0.9636265809532237,,0.004876570370157852
P04-no_change-r2-s5,P04,no_change,2,5,none,none,previous,skin,forehead,1,0.0076605151407420635,0.958793580532074,,0.004794570617377758
P04-no_change-r2-s5,P04,no_change,2,5,none,none,previous,skin,cheek_viewer_left,1,0.007137669250369072,0.9832996726036072,,0.00446834834292531
P04-no_change-r2-s5,P04,no_change,2,5,none,none,previous,skin,cheek_viewer_right,1,0.010576175525784492,0.9568303227424622,,0.005576450377702713
P04-no_change-r2-s5,P04,no_change,2,5,none,none,previous,face,whole_roi,3,0.011628811247646809,0.9527614712715149,0.01416233740746975,
P04-no_change-r2-s5,P04,no_change,2,5,none,none,previous,skin,weighted_three_regions,3,0.008120530518867514,0.9636265809532237,,0.004876570370157852
P04-no_change-r2-s5,P04,no_change,2,5,none,none,previous,skin,forehead,3,0.0076605151407420635,0.958793580532074,,0.004794570617377758
P04-no_change-r2-s5,P04,no_change,2,5,none,none,previous,skin,cheek_viewer_left,3,0.007137669250369072,0.9832996726036072,,0.00446834834292531
P04-no_change-r2-s5,P04,no_change,2,5,none,none,previous,skin,cheek_viewer_right,3,0.010576175525784492,0.9568303227424622,,0.005576450377702713
P04-no_change-r2-s5,P04,no_change,2,5,none,none,previous,face,whole_roi,6,0.011628811247646809,0.9527614712715149,0.01416233740746975,
P04-no_change-r2-s5,P04,no_change,2,5,none,none,previous,skin,weighted_three_regions,6,0.008120530518867514,0.9636265809532237,,0.004876570370157852
P04-no_change-r2-s5,P04,no_change,2,5,none,none,previous,skin,forehead,6,0.0076605151407420635,0.958793580532074,,0.004794570617377758
P04-no_change-r2-s5,P04,no_change,2,5,none,none,previous,skin,cheek_viewer_left,6,0.007137669250369072,0.9832996726036072,,0.00446834834292531
P04-no_change-r2-s5,P04,no_change,2,5,none,none,previous,skin,cheek_viewer_right,6,0.010576175525784492,0.9568303227424622,,0.005576450377702713
P04-no_change-r1-s6,P04,no_change,1,6,none,none,original,face,whole_roi,fixed,0.04350867494940758,0.7935595512390137,0.10068897157907486,
P04-no_change-r1-s6,P04,no_change,1,6,none,none,original,skin,weighted_three_regions,fixed,0.0372643219723421,0.7731840608632733,,0.013562200471539708
P04-no_change-r1-s6,P04,no_change,1,6,none,none,original,skin,forehead,fixed,0.03856474533677101,0.7564600110054016,,0.014060012064874172
P04-no_change-r1-s6,P04,no_change,1,6,none,none,original,skin,cheek_viewer_left,fixed,0.03154199942946434,0.8112463355064392,,0.01383860781788826
P04-no_change-r1-s6,P04,no_change,1,6,none,none,original,skin,cheek_viewer_right,fixed,0.039885811507701874,0.7842981815338135,,0.011790402233600616
P04-no_change-r1-s6,P04,no_change,1,6,none,none,original,face,whole_roi,1,0.042958516627550125,0.7913684248924255,0.1031339168548584,
P04-no_change-r1-s6,P04,no_change,1,6,none,none,original,skin,weighted_three_regions,1,0.03650307428968303,0.7609740966343244,,0.014656949321575024
P04-no_change-r1-s6,P04,no_change,1,6,none,none,original,skin,forehead,1,0.03818756341934204,0.7476110458374023,,0.014905735850334167
P04-no_change-r1-s6,P04,no_change,1,6,none,none,original,skin,cheek_viewer_left,1,0.03025556169450283,0.7813767790794373,,0.016064902767539024
P04-no_change-r1-s6,P04,no_change,1,6,none,none,original,skin,cheek_viewer_right,1,0.038588352501392365,0.781404972076416,,0.01234293170273304
P04-no_change-r1-s6,P04,no_change,1,6,none,none,original,face,whole_roi,3,0.042958516627550125,0.7913684248924255,0.1031339168548584,
P04-no_change-r1-s6,P04,no_change,1,6,none,none,original,skin,weighted_three_regions,3,0.03650307428968303,0.7609740966343244,,0.014656949321575024
P04-no_change-r1-s6,P04,no_change,1,6,none,none,original,skin,forehead,3,0.03818756341934204,0.7476110458374023,,0.014905735850334167
P04-no_change-r1-s6,P04,no_change,1,6,none,none,original,skin,cheek_viewer_left,3,0.03025556169450283,0.7813767790794373,,0.016064902767539024
P04-no_change-r1-s6,P04,no_change,1,6,none,none,original,skin,cheek_viewer_right,3,0.038588352501392365,0.781404972076416,,0.01234293170273304
P04-no_change-r1-s6,P04,no_change,1,6,none,none,original,face,whole_roi,6,0.042958516627550125,0.7913684248924255,0.1031339168548584,
P04-no_change-r1-s6,P04,no_change,1,6,none,none,original,skin,weighted_three_regions,6,0.03650307428968303,0.7609740966343244,,0.014656949321575024
P04-no_change-r1-s6,P04,no_change,1,6,none,none,original,skin,forehead,6,0.03818756341934204,0.7476110458374023,,0.014905735850334167
P04-no_change-r1-s6,P04,no_change,1,6,none,none,original,skin,cheek_viewer_left,6,0.03025556169450283,0.7813767790794373,,0.016064902767539024
P04-no_change-r1-s6,P04,no_change,1,6,none,none,original,skin,cheek_viewer_right,6,0.038588352501392365,0.781404972076416,,0.01234293170273304
P04-no_change-r1-s6,P04,no_change,1,6,none,none,previous,face,whole_roi,fixed,0.016567865386605263,0.9088382720947266,0.02013954147696495,
P04-no_change-r1-s6,P04,no_change,1,6,none,none,previous,skin,weighted_three_regions,fixed,0.011644944815951234,0.9225382062853599,,0.007325425524374141
P04-no_change-r1-s6,P04,no_change,1,6,none,none,previous,skin,forehead,fixed,0.010981188155710697,0.9129255414009094,,0.008068055845797062
P04-no_change-r1-s6,P04,no_change,1,6,none,none,previous,skin,cheek_viewer_left,fixed,0.012047412805259228,0.9629551768302917,,0.005341008771210909
P04-no_change-r1-s6,P04,no_change,1,6,none,none,previous,skin,cheek_viewer_right,fixed,0.013139978051185608,0.907534658908844,,0.007378628011792898
P04-no_change-r1-s6,P04,no_change,1,6,none,none,previous,face,whole_roi,1,0.013243816792964935,0.9323155879974365,0.016709789633750916,
P04-no_change-r1-s6,P04,no_change,1,6,none,none,previous,skin,weighted_three_regions,1,0.010681084769175333,0.930917107796931,,0.007916281524059527
P04-no_change-r1-s6,P04,no_change,1,6,none,none,previous,skin,forehead,1,0.009872198104858398,0.9331379532814026,,0.007803040090948343
P04-no_change-r1-s6,P04,no_change,1,6,none,none,previous,skin,cheek_viewer_left,1,0.014459488913416862,0.9036677479743958,,0.010109556838870049
P04-no_change-r1-s6,P04,no_change,1,6,none,none,previous,skin,cheek_viewer_right,1,0.00880407728254795,0.9550507664680481,,0.005781156476587057
P04-no_change-r1-s6,P04,no_change,1,6,none,none,previous,face,whole_roi,3,0.013243816792964935,0.9323155879974365,0.016709789633750916,
P04-no_change-r1-s6,P04,no_change,1,6,none,none,previous,skin,weighted_three_regions,3,0.010681084769175333,0.930917107796931,,0.007916281524059527
P04-no_change-r1-s6,P04,no_change,1,6,none,none,previous,skin,forehead,3,0.009872198104858398,0.9331379532814026,,0.007803040090948343
P04-no_change-r1-s6,P04,no_change,1,6,none,none,previous,skin,cheek_viewer_left,3,0.014459488913416862,0.9036677479743958,,0.010109556838870049
P04-no_change-r1-s6,P04,no_change,1,6,none,none,previous,skin,cheek_viewer_right,3,0.00880407728254795,0.9550507664680481,,0.005781156476587057
P04-no_change-r1-s6,P04,no_change,1,6,none,none,previous,face,whole_roi,6,0.013243816792964935,0.9323155879974365,0.016709789633750916,
P04-no_change-r1-s6,P04,no_change,1,6,none,none,previous,skin,weighted_three_regions,6,0.010681084769175333,0.930917107796931,,0.007916281524059527
P04-no_change-r1-s6,P04,no_change,1,6,none,none,previous,skin,forehead,6,0.009872198104858398,0.9331379532814026,,0.007803040090948343
P04-no_change-r1-s6,P04,no_change,1,6,none,none,previous,skin,cheek_viewer_left,6,0.014459488913416862,0.9036677479743958,,0.010109556838870049
P04-no_change-r1-s6,P04,no_change,1,6,none,none,previous,skin,cheek_viewer_right,6,0.00880407728254795,0.9550507664680481,,0.005781156476587057
P04-no_change-r2-s6,P04,no_change,2,6,none,none,original,face,whole_roi,fixed,0.04830327257514,0.7156596183776855,0.11180812120437622,
P04-no_change-r2-s6,P04,no_change,2,6,none,none,original,skin,weighted_three_regions,fixed,0.03642810380634139,0.7463155770601245,,0.01444259934236898
P04-no_change-r2-s6,P04,no_change,2,6,none,none,original,skin,forehead,fixed,0.034302785992622375,0.738964855670929,,0.014493667520582676
P04-no_change-r2-s6,P04,no_change,2,6,none,none,original,skin,cheek_viewer_left,fixed,0.03292008489370346,0.7889426350593567,,0.014599628746509552
P04-no_change-r2-s6,P04,no_change,2,6,none,none,original,skin,cheek_viewer_right,fixed,0.046611420810222626,0.721318781375885,,0.014116080477833748
P04-no_change-r2-s6,P04,no_change,2,6,none,none,original,face,whole_roi,1,0.04047580808401108,0.7835995554924011,0.1009351909160614,
P04-no_change-r2-s6,P04,no_change,2,6,none,none,original,skin,weighted_three_regions,1,0.034599962208200906,0.7568084150318822,,0.01453421830692712
P04-no_change-r2-s6,P04,no_change,2,6,none,none,original,skin,forehead,1,0.03438597917556763,0.7344514727592468,,0.014952694065868855
P04-no_change-r2-s6,P04,no_change,2,6,none,none,original,skin,cheek_viewer_left,1,0.03288290649652481,0.7894989848136902,,0.015130369924008846
P04-no_change-r2-s6,P04,no_change,2,6,none,none,original,skin,cheek_viewer_right,1,0.03715958818793297,0.7926562428474426,,0.012635520659387112
P04-no_change-r2-s6,P04,no_change,2,6,none,none,original,face,whole_roi,3,0.04047580808401108,0.7835995554924011,0.1009351909160614,
P04-no_change-r2-s6,P04,no_change,2,6,none,none,original,skin,weighted_three_regions,3,0.034599962208200906,0.7568084150318822,,0.01453421830692712
P04-no_change-r2-s6,P04,no_change,2,6,none,none,original,skin,forehead,3,0.03438597917556763,0.7344514727592468,,0.014952694065868855
P04-no_change-r2-s6,P04,no_change,2,6,none,none,original,skin,cheek_viewer_left,3,0.03288290649652481,0.7894989848136902,,0.015130369924008846
P04-no_change-r2-s6,P04,no_change,2,6,none,none,original,skin,cheek_viewer_right,3,0.03715958818793297,0.7926562428474426,,0.012635520659387112
P04-no_change-r2-s6,P04,no_change,2,6,none,none,original,face,whole_roi,6,0.041493624448776245,0.7734144330024719,0.1040535718202591,
P04-no_change-r2-s6,P04,no_change,2,6,none,none,original,skin,weighted_three_regions,6,0.03414936512708664,0.7638686519215583,,0.014259868340895456
P04-no_change-r2-s6,P04,no_change,2,6,none,none,original,skin,forehead,6,0.03319280222058296,0.7465240955352783,,0.014530500397086143
P04-no_change-r2-s6,P04,no_change,2,6,none,none,original,skin,cheek_viewer_left,6,0.03359183296561241,0.7902476191520691,,0.01515604555606842
P04-no_change-r2-s6,P04,no_change,2,6,none,none,original,skin,cheek_viewer_right,6,0.037583645433187485,0.7905053496360779,,0.012457492761313915
P04-no_change-r2-s6,P04,no_change,2,6,none,none,previous,face,whole_roi,fixed,0.00953187420964241,0.9733564257621765,0.009252297692000866,
P04-no_change-r2-s6,P04,no_change,2,6,none,none,previous,skin,weighted_three_regions,fixed,0.007745482675621615,0.9677997078027231,,0.0046296581549241265
P04-no_change-r2-s6,P04,no_change,2,6,none,none,previous,skin,forehead,fixed,0.007352941203862429,0.962024986743927,,0.004687051754444838
P04-no_change-r2-s6,P04,no_change,2,6,none,none,previous,skin,cheek_viewer_left,fixed,0.007014905102550983,0.9819490313529968,,0.004299530293792486
P04-no_change-r2-s6,P04,no_change,2,6,none,none,previous,skin,cheek_viewer_right,fixed,0.009719304740428925,0.9704758524894714,,0.0048326291143894196
P04-no_change-r2-s6,P04,no_change,2,6,none,none,previous,face,whole_roi,1,0.00953187420964241,0.9733564257621765,0.009252297692000866,
P04-no_change-r2-s6,P04,no_change,2,6,none,none,previous,skin,weighted_three_regions,1,0.007745482675621615,0.9677997078027231,,0.0046296581549241265
P04-no_change-r2-s6,P04,no_change,2,6,none,none,previous,skin,forehead,1,0.007352941203862429,0.962024986743927,,0.004687051754444838
P04-no_change-r2-s6,P04,no_change,2,6,none,none,previous,skin,cheek_viewer_left,1,0.007014905102550983,0.9819490313529968,,0.004299530293792486
P04-no_change-r2-s6,P04,no_change,2,6,none,none,previous,skin,cheek_viewer_right,1,0.009719304740428925,0.9704758524894714,,0.0048326291143894196
P04-no_change-r2-s6,P04,no_change,2,6,none,none,previous,face,whole_roi,3,0.00953187420964241,0.9733564257621765,0.009252297692000866,
P04-no_change-r2-s6,P04,no_change,2,6,none,none,previous,skin,weighted_three_regions,3,0.007745482675621615,0.9677997078027231,,0.0046296581549241265
P04-no_change-r2-s6,P04,no_change,2,6,none,none,previous,skin,forehead,3,0.007352941203862429,0.962024986743927,,0.004687051754444838
P04-no_change-r2-s6,P04,no_change,2,6,none,none,previous,skin,cheek_viewer_left,3,0.007014905102550983,0.9819490313529968,,0.004299530293792486
P04-no_change-r2-s6,P04,no_change,2,6,none,none,previous,skin,cheek_viewer_right,3,0.009719304740428925,0.9704758524894714,,0.0048326291143894196
P04-no_change-r2-s6,P04,no_change,2,6,none,none,previous,face,whole_roi,6,0.00953187420964241,0.9733564257621765,0.009252297692000866,
P04-no_change-r2-s6,P04,no_change,2,6,none,none,previous,skin,weighted_three_regions,6,0.007745482675621615,0.9677997078027231,,0.0046296581549241265
P04-no_change-r2-s6,P04,no_change,2,6,none,none,previous,skin,forehead,6,0.007352941203862429,0.962024986743927,,0.004687051754444838
P04-no_change-r2-s6,P04,no_change,2,6,none,none,previous,skin,cheek_viewer_left,6,0.007014905102550983,0.9819490313529968,,0.004299530293792486
P04-no_change-r2-s6,P04,no_change,2,6,none,none,previous,skin,cheek_viewer_right,6,0.009719304740428925,0.9704758524894714,,0.0048326291143894196
